Workbook

Sheet Users
A1: user_id | B1: signup_date | C1: country | D1: primary_device | E1: traffic_channel | F1: age_group
A2: U000001 | B2: 2025-10-14 | C2: United States | D2: Mobile | E2: Paid Search | F2: 45-54
A3: U000002 | B3: 2025-10-10 | C3: United States | D3: Mobile | E3: Paid Search | F3: 18-24
A4: U000003 | B4: 2025-11-04 | C4: United States | D4: Desktop | E4: Paid Search | F4: 18-24
A5: U000004 | B5: 2026-01-20 | C5: Australia | D5: Mobile | E5: Paid Search | F5: 18-24
A6: U000005 | B6: 2026-01-23 | C6: United States | D6: Desktop | E6: Meta Ads | F6: 18-24
A7: U000006 | B7: 2025-10-06 | C7: United States | D7: Mobile | E7: Paid Search | F7: 25-34
A8: U000007 | B8: 2025-10-10 | C8: Australia | D8: Desktop | E8: Referral | F8: 18-24
A9: U000008 | B9: 2026-02-12 | C9: Canada | D9: Tablet | E9: Organic Search | F9: 45-54
A10: U000009 | B10: 2026-02-09 | C10: United Kingdom | D10: Mobile | E10: Email | F10: 35-44
A11: U000010 | B11: 2026-02-02 | C11: United Kingdom | D11: Desktop | E11: Meta Ads | F11: 45-54
A12: U000011 | B12: 2025-11-16 | C12: Australia | D12: Desktop | E12: Meta Ads | F12: 25-34
... A801: U000800 | B801: 2026-01-30 | C801: United States | D801: Tablet | E801: Paid Search | F801: 45-54

Sheet Assignments
A1: assignment_id | B1: experiment_id | C1: user_id | D1: variant | E1: assigned_at | F1: converted | G1: revenue
A2: A000001 | B2: EXP001 | C2: U000001 | D2: Treatment | E2: 2026-03-03 | F2: 0 | G2: 0
A3: A000002 | B3: EXP001 | C3: U000002 | D3: Control | E3: 2026-03-01 | F3: 0 | G3: 0
A4: A000003 | B4: EXP001 | C4: U000003 | D4: Treatment | E4: 2026-03-04 | F4: 0 | G4: 0 | I4: A/B Testing Result
A5: A000004 | B5: EXP001 | C5: U000004 | D5: Control | E5: 2026-03-02 | F5: 0 | G5: 0 | I5: Business Question | J5: Is the new landing page better than the old one?
A6: A000005 | B6: EXP001 | C6: U000005 | D6: Control | E6: 2026-03-05 | F6: 0 | G6: 0 | I6: Alpha | J6: 0.05
A7: A000006 | B7: EXP001 | C7: U000006 | D7: Treatment | E7: 2026-03-03 | F7: 0 | G7: 0
A8: A000007 | B8: EXP001 | C8: U000007 | D8: Control | E8: 2026-03-02 | F8: 0 | G8: 0 | I8: Variant | J8: Visitors | K8: Conversions | L8: Conversion Rate | M8: Net Revenue | N8: Revenue/User | O8: AOV
A9: A000008 | B9: EXP001 | C9: U000008 | D9: Control | E9: 2026-03-03 | F9: 0 | G9: 0 | I9: Control | J9: =COUNTIF(Assignments!$D$2:$D$801,I9) -> 400 | K9: =COUNTIFS(Assignments!$D$2:$D$801,I9,Assignments!$F$2:$F$801,1) -> 40 | L9: =K9/J9 -> 0.1 | M9: =SUMIF(Orders!$D$2:$D$114,I9,Orders!$J$2:$J$114) -> 2910.32 | N9: =M9/J9 -> 7.2758 | O9: =IF(K9=0,0,M9/K9) -> 72.758
A10: A000009 | B10: EXP001 | C10: U000009 | D10: Treatment | E10: 2026-03-05 | F10: 0 | G10: 0 | I10: Treatment | J10: =COUNTIF(Assignments!$D$2:$D$801,I10) -> 400 | K10: =COUNTIFS(Assignments!$D$2:$D$801,I10,Assignments!$F$2:$F$801,1) -> 73 | L10: =K10/J10 -> 0.1825 | M10: =SUMIF(Orders!$D$2:$D$114,I10,Orders!$J$2:$J$114) -> 6262.05 | N10: =M10/J10 -> 15.655125 | O10: =IF(K10=0,0,M10/K10) -> 85.781507
A11: A000010 | B11: EXP001 | C11: U000010 | D11: Control | E11: 2026-03-02 | F11: 0 | G11: 0
A12: A000011 | B12: EXP001 | C12: U000011 | D12: Treatment | E12: 2026-03-02 | F12: 0 | G12: 0 | I12: Metric | J12: Result
A13: A000012 | B13: EXP001 | C13: U000012 | D13: Control | E13: 2026-03-04 | F13: 0 | G13: 0 | I13: Pooled Conversion Rate | J13: =(K9+K10)/(J9+J10) -> 0.14125
A14: A000013 | B14: EXP001 | C14: U000013 | D14: Treatment | E14: 2026-03-02 | F14: 1 | G14: 0 | I14: Standard Error | J14: =SQRT(J13*(1-J13)*(1/J9+1/J10)) -> 0.024627062
A15: A000014 | B15: EXP001 | C15: U000014 | D15: Treatment | E15: 2026-03-03 | F15: 0 | G15: 0 | I15: Z Statistic | J15: =(L10-L9)/J14 -> 3.3499733
A16: A000015 | B16: EXP001 | C16: U000015 | D16: Control | E16: 2026-03-04 | F16: 0 | G16: 0 | I16: P-value | J16: =2*(1-_xlfn.NORM.S.DIST(ABS(J15),TRUE)) -> 0.00080819356
A17: A000016 | B17: EXP001 | C17: U000016 | D17: Treatment | E17: 2026-03-02 | F17: 1 | G17: 143.38 | I17: Decision | J17: =IF(J16<J6,"Statistically significant","Not statistically significant") -> Statistically significant
A18: A000017 | B18: EXP001 | C18: U000017 | D18: Treatment | E18: 2026-03-03 | F18: 0 | G18: 0 | I18: CR Difference | J18: =L10-L9 -> 0.0825
A19: A000018 | B19: EXP001 | C19: U000018 | D19: Control | E19: 2026-03-01 | F19: 0 | G19: 0 | I19: Relative Uplift | J19: =(L10-L9)/L9 -> 0.825
A20: A000019 | B20: EXP001 | C20: U000019 | D20: Control | E20: 2026-03-04 | F20: 0 | G20: 0 | I20: 95% CI Lower | J20: =(L10-L9)-1.96*SQRT((L9*(1-L9)/J9)+(L10*(1-L10)/J10)) -> 0.034570711
A21: A000020 | B21: EXP001 | C21: U000020 | D21: Treatment | E21: 2026-03-04 | F21: 0 | G21: 0 | I21: 95% CI Upper | J21: =(L10-L9)+1.96*SQRT((L9*(1-L9)/J9)+(L10*(1-L10)/J10)) -> 0.13042929
A22: A000021 | B22: EXP001 | C22: U000021 | D22: Treatment | E22: 2026-03-01 | F22: 0 | G22: 0 | I22: Business Recommendation | J22: =IF(J16<J6,IF(L10>L9,"Treatment wins. Consider launching the new page.","Control wins. Keep the old page."),"Continue testing or review more data.") -> Treatment wins. Consider launching the new page.
A23: A000022 | B23: EXP001 | C23: U000022 | D23: Control | E23: 2026-03-01 | F23: 0 | G23: 0
A24: A000023 | B24: EXP001 | C24: U000023 | D24: Control | E24: 2026-03-04 | F24: 0 | G24: 0
A25: A000024 | B25: EXP001 | C25: U000024 | D25: Control | E25: 2026-03-02 | F25: 0 | G25: 0
A26: A000025 | B26: EXP001 | C26: U000025 | D26: Treatment | E26: 2026-03-02 | F26: 0 | G26: 0
A27: A000026 | B27: EXP001 | C27: U000026 | D27: Control | E27: 2026-03-05 | F27: 0 | G27: 0
A28: A000027 | B28: EXP001 | C28: U000027 | D28: Treatment | E28: 2026-03-01 | F28: 0 | G28: 0
A29: A000028 | B29: EXP001 | C29: U000028 | D29: Control | E29: 2026-03-05 | F29: 0 | G29: 0
A30: A000029 | B30: EXP001 | C30: U000029 | D30: Control | E30: 2026-03-04 | F30: 0 | G30: 0
A31: A000030 | B31: EXP001 | C31: U000030 | D31: Treatment | E31: 2026-03-03 | F31: 0 | G31: 0
A32: A000031 | B32: EXP001 | C32: U000031 | D32: Control | E32: 2026-03-04 | F32: 0 | G32: 0
A33: A000032 | B33: EXP001 | C33: U000032 | D33: Treatment | E33: 2026-03-05 | F33: 1 | G33: 136.48
A34: A000033 | B34: EXP001 | C34: U000033 | D34: Control | E34: 2026-03-03 | F34: 0 | G34: 0
... A801: A000800 | B801: EXP001 | C801: U000800 | D801: Treatment | E801: 2026-03-02 | F801: 0 | G801: 0

Sheet Sessions
A1: session_id | B1: user_id | C1: assignment_id | D1: experiment_id | E1: variant | F1: session_date | G1: device | H1: browser | I1: traffic_channel | J1: landing_page | K1: page_views | L1: duration_sec | M1: bounced | N1: session_converted
A2: S0000001 | B2: U000001 | C2: A000001 | D2: EXP001 | E2: Treatment | F2: 2026-03-05 | G2: Mobile | H2: Chrome | I2: Paid Search | J2: /landing-new | K2: 2 | L2: 95 | M2: 0 | N2: 0
A3: S0000002 | B3: U000002 | C3: A000002 | D3: EXP001 | E3: Control | F3: 2026-03-14 | G3: Desktop | H3: Chrome | I3: Paid Search | J3: /landing-old | K3: 1 | L3: 50 | M3: 0 | N3: 0
A4: S0000003 | B4: U000002 | C4: A000002 | D4: EXP001 | E4: Control | F4: 2026-03-13 | G4: Desktop | H4: Safari | I4: Paid Search | J4: /landing-old | K4: 3 | L4: 54 | M4: 0 | N4: 0
A5: S0000004 | B5: U000003 | C5: A000003 | D5: EXP001 | E5: Treatment | F5: 2026-03-13 | G5: Desktop | H5: Chrome | I5: Paid Search | J5: /landing-new | K5: 3 | L5: 38 | M5: 0 | N5: 0
A6: S0000005 | B6: U000004 | C6: A000004 | D6: EXP001 | E6: Control | F6: 2026-03-27 | G6: Mobile | H6: Safari | I6: Paid Search | J6: /landing-old | K6: 2 | L6: 8 | M6: 0 | N6: 0
A7: S0000006 | B7: U000004 | C7: A000004 | D7: EXP001 | E7: Control | F7: 2026-03-25 | G7: Desktop | H7: Chrome | I7: Paid Search | J7: /landing-old | K7: 6 | L7: 55 | M7: 0 | N7: 0
A8: S0000007 | B8: U000005 | C8: A000005 | D8: EXP001 | E8: Control | F8: 2026-03-17 | G8: Desktop | H8: Chrome | I8: Meta Ads | J8: /landing-old | K8: 5 | L8: 64 | M8: 0 | N8: 0
A9: S0000008 | B9: U000006 | C9: A000006 | D9: EXP001 | E9: Treatment | F9: 2026-03-28 | G9: Mobile | H9: Safari | I9: Paid Search | J9: /landing-new | K9: 1 | L9: 42 | M9: 1 | N9: 0
A10: S0000009 | B10: U000007 | C10: A000007 | D10: EXP001 | E10: Control | F10: 2026-03-04 | G10: Desktop | H10: Safari | I10: Referral | J10: /landing-old | K10: 2 | L10: 113 | M10: 0 | N10: 0
A11: S0000010 | B11: U000008 | C11: A000008 | D11: EXP001 | E11: Control | F11: 2026-03-08 | G11: Tablet | H11: Chrome | I11: Organic Search | J11: /landing-old | K11: 4 | L11: 92 | M11: 0 | N11: 0
A12: S0000011 | B12: U000009 | C12: A000009 | D12: EXP001 | E12: Treatment | F12: 2026-03-13 | G12: Mobile | H12: Chrome | I12: Email | J12: /landing-new | K12: 2 | L12: 117 | M12: 0 | N12: 0
A13: S0000012 | B13: U000010 | C13: A000010 | D13: EXP001 | E13: Control | F13: 2026-03-08 | G13: Mobile | H13: Chrome | I13: Meta Ads | J13: /landing-old | K13: 3 | L13: 13 | M13: 0 | N13: 0
... A1226: S0001225 | B1226: U000800 | C1226: A000800 | D1226: EXP001 | E1226: Treatment | F1226: 2026-03-11 | G1226: Tablet | H1226: Edge | I1226: Paid Search | J1226: /landing-new | K1226: 3 | L1226: 112 | M1226: 0 | N1226: 0

Sheet Events
A1: event_id | B1: session_id | C1: user_id | D1: experiment_id | E1: variant | F1: event_time | G1: event_name | H1: page_section | I1: event_value
A2: E00000001 | B2: S0000001 | C2: U000001 | D2: EXP001 | E2: Treatment | F2: 2026-03-05 22:07:00 | G2: page_view | H2: landing | I2: 1
A3: E00000002 | B3: S0000001 | C3: U000001 | D3: EXP001 | E3: Treatment | F3: 2026-03-05 22:06:45 | G3: scroll_50 | H3: content | I3: 0.5
A4: E00000003 | B4: S0000002 | C4: U000002 | D4: EXP001 | E4: Control | F4: 2026-03-14 17:19:40 | G4: page_view | H4: landing | I4: 1
A5: E00000004 | B5: S0000003 | C5: U000002 | D5: EXP001 | E5: Control | F5: 2026-03-13 11:53:02 | G5: page_view | H5: landing | I5: 1
A6: E00000005 | B6: S0000003 | C6: U000002 | D6: EXP001 | E6: Control | F6: 2026-03-13 11:53:18 | G6: scroll_50 | H6: content | I6: 0.5
A7: E00000006 | B7: S0000004 | C7: U000003 | D7: EXP001 | E7: Treatment | F7: 2026-03-13 19:38:15 | G7: page_view | H7: landing | I7: 1
A8: E00000007 | B8: S0000004 | C8: U000003 | D8: EXP001 | E8: Treatment | F8: 2026-03-13 19:38:21 | G8: scroll_50 | H8: content | I8: 0.5
A9: E00000008 | B9: S0000005 | C9: U000004 | D9: EXP001 | E9: Control | F9: 2026-03-27 18:02:08 | G9: page_view | H9: landing | I9: 1
A10: E00000009 | B10: S0000006 | C10: U000004 | D10: EXP001 | E10: Control | F10: 2026-03-25 21:19:13 | G10: page_view | H10: landing | I10: 1
A11: E00000010 | B11: S0000006 | C11: U000004 | D11: EXP001 | E11: Control | F11: 2026-03-25 21:19:30 | G11: scroll_50 | H11: content | I11: 0.5
A12: E00000011 | B12: S0000006 | C12: U000004 | D12: EXP001 | E12: Control | F12: 2026-03-25 21:19:25 | G12: pricing_view | H12: pricing | I12: 1
A13: E00000012 | B13: S0000007 | C13: U000005 | D13: EXP001 | E13: Control | F13: 2026-03-17 22:47:24 | G13: page_view | H13: landing | I13: 1
... A3031: E00003030 | B3031: S0001225 | C3031: U000800 | D3031: EXP001 | E3031: Treatment | F3031: 2026-03-11 19:56:07 | G3031: scroll_50 | H3031: content | I3031: 0.5

Sheet Orders
A1: order_id | B1: user_id | C1: assignment_id | D1: variant | E1: order_date | F1: product_category | G1: gross_revenue | H1: discount_pct | I1: refunded | J1: net_revenue
A2: O000001 | B2: U000013 | C2: A000013 | D2: Treatment | E2: 2026-03-29 | F2: Starter Plan | G2: 54.12 | H2: 0 | I2: 1 | J2: 0
A3: O000002 | B3: U000016 | C3: A000016 | D3: Treatment | E3: 2026-03-30 | F3: Business Plan | G3: 159.31 | H3: 10 | I3: 0 | J3: 143.38
A4: O000003 | B4: U000032 | C4: A000032 | D4: Treatment | E4: 2026-03-07 | F4: Business Plan | G4: 136.48 | H4: 0 | I4: 0 | J4: 136.48
A5: O000004 | B5: U000039 | C5: A000039 | D5: Treatment | E5: 2026-03-09 | F5: Business Plan | G5: 145 | H5: 5 | I5: 0 | J5: 137.75
A6: O000005 | B6: U000048 | C6: A000048 | D6: Treatment | E6: 2026-03-08 | F6: Professional Plan | G6: 76.84 | H6: 0 | I6: 0 | J6: 76.84
A7: O000006 | B7: U000053 | C7: A000053 | D7: Treatment | E7: 2026-03-24 | F7: Professional Plan | G7: 108.37 | H7: 0 | I7: 0 | J7: 108.37
A8: O000007 | B8: U000057 | C8: A000057 | D8: Treatment | E8: 2026-03-24 | F8: Add-on Pack | G8: 27.37 | H8: 5 | I8: 0 | J8: 26
A9: O000008 | B9: U000067 | C9: A000067 | D9: Control | E9: 2026-03-20 | F9: Add-on Pack | G9: 36.98 | H9: 0 | I9: 0 | J9: 36.98
A10: O000009 | B10: U000096 | C10: A000096 | D10: Control | E10: 2026-03-16 | F10: Starter Plan | G10: 38.92 | H10: 0 | I10: 0 | J10: 38.92
A11: O000010 | B11: U000105 | C11: A000105 | D11: Treatment | E11: 2026-03-16 | F11: Professional Plan | G11: 129.17 | H11: 0 | I11: 0 | J11: 129.17
A12: O000011 | B12: U000106 | C12: A000106 | D12: Treatment | E12: 2026-03-10 | F12: Professional Plan | G12: 77.37 | H12: 0 | I12: 0 | J12: 77.37
A13: O000012 | B13: U000107 | C13: A000107 | D13: Control | E13: 2026-03-15 | F13: Starter Plan | G13: 39.45 | H13: 10 | I13: 0 | J13: 35.51
... A114: O000113 | B114: U000799 | C114: A000799 | D114: Treatment | E114: 2026-03-22 | F114: Starter Plan | G114: 42.72 | H114: 0 | I114: 0 | J114: 42.72

Sheet AB Analysis
A1: A/B Testing Result
A2: Business Question | B2: Is the new landing page better than the old one?
A3: Alpha | B3: 0.05
A5: Variant | B5: Visitors | C5: Conversions | D5: Conversion Rate | E5: Net Revenue | F5: Revenue/User | G5: AOV
A6: Control | B6: =COUNTIF(Assignments!D2:D800,'AB Analysis'!A6) -> 400 | C6: =SUMIF(Assignments!D:D,'AB Analysis'!A6,Assignments!F:F) -> 40 | D6: =C6/B6 -> 0.1 | E6: =SUMIF(Assignments!D:D,'AB Analysis'!A6,Assignments!G:G) -> 2910.32 | F6: =E6/B6 -> 7.2758 | G6: =IF(C6=0,0,E6/C6) -> 72.758
A7: Treatment | B7: =COUNTIF(Assignments!D3:D801,'AB Analysis'!A7) -> 399 | C7: =SUMIF(Assignments!D:D,'AB Analysis'!A7,Assignments!F:F) -> 73 | D7: =C7/B7 -> 0.18295739 | E7: =SUMIF(Assignments!D:D,'AB Analysis'!A7,Assignments!G:G) -> 6262.05 | F7: =E7/B7 -> 15.694361 | G7: =IF(C7=0,0,E7/C7) -> 85.781507
A9: Metric | B9: Result
A10: Pooled Conversion Rate | B10: =(C6+C7)/(B6+B7) -> 0.14142678
A11: Standard Error | B11: =SQRT(B10*(1-B10)*(1/B6+1/B7)) -> 0.024655366
A12: Z Statistic | B12: =(D7-D6)/B11 -> 3.3646791
A13: P-value | B13: =2*(1-_xlfn.NORM.S.DIST(ABS(B12),TRUE)) -> 0.00076632728
A14: Decision | B14: =IF(B13<B3,"Statistically significant","Not statistically significant") -> Statistically significant
A15: CR Difference | B15: =D7-D6 -> 0.082957393
A16: Relative Uplift | B16: =(D7-D6)/D6 -> 0.82957393
A17: 95% CI Lower | B17: =(D7-D6)-1.96*SQRT((D6*(1-D6)/B6)+(D7*(1-D7)/B7)) -> 0.034961536
A18: 95% CI Upper | B18: =(D7-D6)+1.96*SQRT((D6*(1-D6)/B6)+(D7*(1-D7)/B7)) -> 0.13095325
A19: Business Recommendation | B19: =IF(B13<B3,IF(D7>D6,"Treatment wins. Consider launching the new page.","Control wins. Keep the old page."),"Continue testing or review more data.") -> Treatment wins. Consider launching the new page.
